profile,engine,spec,panel,counter,iso3,country_es,moment,moment_label,value,source_var,target,verified,source,gap,gap_pct
paper_memlite,matlab,panelB_hurricane,B,7,JAM,Jamaica,spread_mean_bp,Spread promedio (pb),584.1159539100238,meanspread_sim,554.0,True,mallucci2022_jie_table2,30.11595391002379,5.4360927635422005
paper_memlite,matlab,panelB_hurricane,B,7,JAM,Jamaica,spread_median_bp,Spread mediano (pb),93.66859167583618,medianspread_sim,103.0,True,mallucci2022_jie_table2,-9.331408324163817,-9.05961973219788
paper_memlite,matlab,panelB_hurricane,B,7,JAM,Jamaica,debt_gdp,Deuda externa/PIB,0.484634640267783,meanBY_sim,0.49,True,mallucci2022_jie_table2,-0.005365359732216968,-1.09497137392183
paper_memlite,matlab,panelB_hurricane,B,7,JAM,Jamaica,debt_gdp_market,Deuda/PIB (valor de mercado),0.431810846083966,meanBY_sim_market,0.43,True,mallucci2022_jie_table2,0.0018108460839660334,0.42112699627117056
paper_memlite,matlab,panelB_hurricane,B,7,JAM,Jamaica,hurricane_freq,Frecuencia de huracan,0.095,hur_freq_sim,0.093,True,mallucci2022_jie_table2,0.0020000000000000018,2.1505376344086042
paper_memlite,matlab,panelB_hurricane,B,7,JAM,Jamaica,gdp_loss_hurricane,Perdida de PIB (huracan),-0.0241130251254277,gdp_g_h_sim,-0.023,True,mallucci2022_jie_table2,-0.0011130251254276996,-4.839239675772607
paper_memlite,matlab,panelB_hurricane,B,7,JAM,Jamaica,default_freq,Frecuencia de default,0.0422154804334879,def_freq_sim,0.043,True,mallucci2022_jie_table2,-0.0007845195665120985,-1.8244641081676711
paper_memlite,matlab,panelB_hurricane,B,1,ATG,Antigua y Barbuda,spread_mean_bp,Spread promedio (pb),464.22952437958287,meanspread_sim,465.0,True,mallucci2022_jie_table2,-0.7704756204171304,-0.16569368181013555
paper_memlite,matlab,panelB_hurricane,B,4,DOM,Republica Dominicana,spread_mean_bp,Spread promedio (pb),507.2517675667849,meanspread_sim,479.0,True,mallucci2022_jie_table2,28.251767566784906,5.89807256091543
paper_memlite,matlab,panelB_hurricane,B,5,GRD,Granada,spread_mean_bp,Spread promedio (pb),472.144772721231,meanspread_sim,484.0,True,mallucci2022_jie_table2,-11.855227278769007,-2.4494271237126046
paper_memlite,matlab,panelB_hurricane,B,1,ATG,Antigua y Barbuda,spread_median_bp,Spread mediano (pb),228.4745790352294,medianspread_sim,235.0,True,mallucci2022_jie_table2,-6.525420964770603,-2.7767748786257886
paper_memlite,matlab,panelB_hurricane,B,4,DOM,Republica Dominicana,spread_median_bp,Spread mediano (pb),286.8151137170427,medianspread_sim,290.0,True,mallucci2022_jie_table2,-3.1848862829572795,-1.0982366492956137
paper_memlite,matlab,panelB_hurricane,B,5,GRD,Granada,spread_median_bp,Spread mediano (pb),253.40132402008163,medianspread_sim,261.0,True,mallucci2022_jie_table2,-7.598675979918369,-2.911370107248417
paper_memlite,matlab,panelB_hurricane,B,1,ATG,Antigua y Barbuda,debt_gdp,Deuda externa/PIB,0.383974439150167,meanBY_sim,0.38,True,mallucci2022_jie_table2,0.003974439150166986,1.045905039517628
paper_memlite,matlab,panelB_hurricane,B,4,DOM,Republica Dominicana,debt_gdp,Deuda externa/PIB,0.2482570889444886,meanBY_sim,0.25,True,mallucci2022_jie_table2,-0.001742911055511387,-0.6971644222045548
paper_memlite,matlab,panelB_hurricane,B,5,GRD,Granada,debt_gdp,Deuda externa/PIB,0.5240541478121803,meanBY_sim,0.53,True,mallucci2022_jie_table2,-0.0059458521878197335,-1.1218589033622137
paper_memlite,matlab,panelB_hurricane,B,1,ATG,Antigua y Barbuda,debt_gdp_market,Deuda/PIB (valor de mercado),0.3151002005223917,meanBY_sim_market,0.31,True,mallucci2022_jie_table2,0.005100200522391685,1.6452259749650595
paper_memlite,matlab,panelB_hurricane,B,4,DOM,Republica Dominicana,debt_gdp_market,Deuda/PIB (valor de mercado),0.2182398798504984,meanBY_sim_market,0.22,True,mallucci2022_jie_table2,-0.0017601201495016094,-0.8000546134098224
paper_memlite,matlab,panelB_hurricane,B,5,GRD,Granada,debt_gdp_market,Deuda/PIB (valor de mercado),0.4059787265470882,meanBY_sim_market,0.41,True,mallucci2022_jie_table2,-0.0040212734529117555,-0.9807984031492087
paper_memlite,matlab,panelB_hurricane,B,1,ATG,Antigua y Barbuda,hurricane_freq,Frecuencia de huracan,0.0967,hur_freq_sim,0.101,True,mallucci2022_jie_table2,-0.004300000000000012,-4.257425742574269
paper_memlite,matlab,panelB_hurricane,B,4,DOM,Republica Dominicana,hurricane_freq,Frecuencia de huracan,0.0432,hur_freq_sim,0.048,True,mallucci2022_jie_table2,-0.004799999999999999,-9.999999999999996
paper_memlite,matlab,panelB_hurricane,B,5,GRD,Granada,hurricane_freq,Frecuencia de huracan,0.0516,hur_freq_sim,0.046,True,mallucci2022_jie_table2,0.005600000000000001,12.173913043478262
paper_memlite,matlab,panelB_hurricane,B,1,ATG,Antigua y Barbuda,gdp_loss_hurricane,Perdida de PIB (huracan),-0.0484716311273667,gdp_g_h_sim,-0.047,True,mallucci2022_jie_table2,-0.0014716311273667015,-3.1311300582270247
paper_memlite,matlab,panelB_hurricane,B,4,DOM,Republica Dominicana,gdp_loss_hurricane,Perdida de PIB (huracan),-0.0415262482269765,gdp_g_h_sim,-0.047,True,mallucci2022_jie_table2,0.005473751773023498,11.646280368135104
paper_memlite,matlab,panelB_hurricane,B,5,GRD,Granada,gdp_loss_hurricane,Perdida de PIB (huracan),-0.0723847634178472,gdp_g_h_sim,-0.074,True,mallucci2022_jie_table2,0.0016152365821527903,2.1827521380443113
paper_memlite,matlab,panelB_hurricane,B,1,ATG,Antigua y Barbuda,default_freq,Frecuencia de default,0.0585102449121284,def_freq_sim,0.061,True,mallucci2022_jie_table2,-0.002489755087871602,-4.081565717822299
paper_memlite,matlab,panelB_hurricane,B,4,DOM,Republica Dominicana,default_freq,Frecuencia de default,0.0860463171099702,def_freq_sim,0.083,True,mallucci2022_jie_table2,0.0030463171099701924,3.6702615782773402
paper_memlite,matlab,panelB_hurricane,B,5,GRD,Granada,default_freq,Frecuencia de default,0.0603963249799964,def_freq_sim,0.057,True,mallucci2022_jie_table2,0.0033963249799963957,5.958464877186659
paper_memlite,matlab,panelC_no_hurricane,C,7,JAM,Jamaica,spread_mean_bp,Spread promedio (pb),407.1308960989672,meanspread_sim,435.0,True,mallucci2022_jie_table2,-27.869103901032815,-6.4066905519615664
paper_memlite,matlab,panelC_no_hurricane,C,7,JAM,Jamaica,debt_gdp,Deuda externa/PIB,0.638646288287957,meanBY_sim,0.65,True,mallucci2022_jie_table2,-0.011353711712043024,-1.7467248787758498
paper_memlite,matlab,panelC_no_hurricane,C,7,JAM,Jamaica,debt_gdp_market,Deuda/PIB (valor de mercado),0.6035410223089993,meanBY_sim_market,0.61,True,mallucci2022_jie_table2,-0.006458977691000678,-1.05884880180339
paper_memlite,matlab,panelC_no_hurricane,C,7,JAM,Jamaica,hurricane_freq,Frecuencia de huracan,0.0002,hur_freq_sim,,,,,
paper_memlite,matlab,panelC_no_hurricane,C,7,JAM,Jamaica,default_freq,Frecuencia de default,0.0384168993597842,def_freq_sim,0.037,True,mallucci2022_jie_table2,0.0014168993597842017,3.8294577291464913
paper_memlite,matlab,panelC_no_hurricane,C,1,ATG,Antigua y Barbuda,spread_mean_bp,Spread promedio (pb),338.50747018119534,meanspread_sim,314.0,True,mallucci2022_jie_table2,24.507470181195345,7.80492680929788
paper_memlite,matlab,panelC_no_hurricane,C,4,DOM,Republica Dominicana,spread_mean_bp,Spread promedio (pb),448.6968521790093,meanspread_sim,416.0,True,mallucci2022_jie_table2,32.696852179009284,7.85982023533877
paper_memlite,matlab,panelC_no_hurricane,C,5,GRD,Granada,spread_mean_bp,Spread promedio (pb),405.9676876051905,meanspread_sim,406.0,True,mallucci2022_jie_table2,-0.03231239480948034,-0.007958717933369542
paper_memlite,matlab,panelC_no_hurricane,C,1,ATG,Antigua y Barbuda,debt_gdp,Deuda externa/PIB,0.530692178982272,meanBY_sim,0.52,True,mallucci2022_jie_table2,0.010692178982271927,2.0561882658215245
paper_memlite,matlab,panelC_no_hurricane,C,4,DOM,Republica Dominicana,debt_gdp,Deuda externa/PIB,0.2812182232464192,meanBY_sim,0.29,True,mallucci2022_jie_table2,-0.008781776753580772,-3.028198880545094
paper_memlite,matlab,panelC_no_hurricane,C,5,GRD,Granada,debt_gdp,Deuda externa/PIB,0.6401561733688363,meanBY_sim,0.64,True,mallucci2022_jie_table2,0.00015617336883633204,0.02440208888067688
paper_memlite,matlab,panelC_no_hurricane,C,1,ATG,Antigua y Barbuda,debt_gdp_market,Deuda/PIB (valor de mercado),0.4762946632752629,meanBY_sim_market,0.46,True,mallucci2022_jie_table2,0.016294663275262855,3.542318103318012
paper_memlite,matlab,panelC_no_hurricane,C,4,DOM,Republica Dominicana,debt_gdp_market,Deuda/PIB (valor de mercado),0.2551765227234394,meanBY_sim_market,0.27,True,mallucci2022_jie_table2,-0.014823477276560637,-5.490176769096532
paper_memlite,matlab,panelC_no_hurricane,C,5,GRD,Granada,debt_gdp_market,Deuda/PIB (valor de mercado),0.5347322746228247,meanBY_sim_market,0.53,True,mallucci2022_jie_table2,0.0047322746228246615,0.8928820043065399
paper_memlite,matlab,panelC_no_hurricane,C,1,ATG,Antigua y Barbuda,hurricane_freq,Frecuencia de huracan,0.0002,hur_freq_sim,,,,,
paper_memlite,matlab,panelC_no_hurricane,C,4,DOM,Republica Dominicana,hurricane_freq,Frecuencia de huracan,0.0002,hur_freq_sim,,,,,
paper_memlite,matlab,panelC_no_hurricane,C,5,GRD,Granada,hurricane_freq,Frecuencia de huracan,0.0002,hur_freq_sim,,,,,
paper_memlite,matlab,panelC_no_hurricane,C,1,ATG,Antigua y Barbuda,default_freq,Frecuencia de default,0.0483961559457204,def_freq_sim,0.05,True,mallucci2022_jie_table2,-0.0016038440542796017,-3.2076881085592035
paper_memlite,matlab,panelC_no_hurricane,C,4,DOM,Republica Dominicana,default_freq,Frecuencia de default,0.0803121195369271,def_freq_sim,0.074,True,mallucci2022_jie_table2,0.006312119536927105,8.52989126611771
paper_memlite,matlab,panelC_no_hurricane,C,5,GRD,Granada,default_freq,Frecuencia de default,0.0508843711823361,def_freq_sim,0.051,True,mallucci2022_jie_table2,-0.00011562881766389449,-0.22672317188998922
